{
    "accuracy": 0.8846153846153846,
    "f1": 0.8795056642636457,
    "recall": 0.8472222222222222,
    "precision": 0.9143468950749465,
    "optimal_threshold": 0.5860879095435304,
    "confusion_matrix": [
        [
            470,
            40
        ],
        [
            77,
            427
        ]
    ],
    "feature_importance": {
        "privilege_gain": 0.21912135459131693,
        "risk_factor": 0.1548405770685517,
        "exploit_count": 0.09865981590833389,
        "role_score": 0.06734677145307937,
        "total_detection": 0.06334602515405145,
        "max_detection": 0.0630261908808436,
        "min_weight": 0.05434269157747517,
        "avg_detection": 0.052903244829111115,
        "avg_weight": 0.04279941743706095,
        "path_length": 0.037465244068558376,
        "std_weight": 0.03706277600540066,
        "total_weight": 0.03453608500474288,
        "has_admin_access": 0.022776387121492696,
        "has_mfa": 0.018982855358018677,
        "deviation_weight": 0.01896463431847719,
        "security_controls": 0.006833847029341526,
        "is_admin_source": 0.0035636578385144176,
        "has_bastion": 0.003428424355629359
    },
    "feature_names": [
        "path_length",
        "total_weight",
        "avg_weight",
        "min_weight",
        "std_weight",
        "deviation_weight",
        "total_detection",
        "avg_detection",
        "max_detection",
        "exploit_count",
        "security_controls",
        "privilege_gain",
        "role_score",
        "has_admin_access",
        "is_admin_source",
        "has_bastion",
        "has_mfa",
        "risk_factor"
    ]
}