{
    "accuracy": 0.9061032863849765,
    "f1": 0.9309153713298791,
    "recall": 0.9668161434977578,
    "precision": 0.8975853455453788,
    "optimal_threshold": 0.5794659629758211,
    "confusion_matrix": [
        [
            466,
            123
        ],
        [
            37,
            1078
        ]
    ],
    "feature_importance": {
        "exploit_count": 0.3579997983711671,
        "risk_factor": 0.20344801405992624,
        "privilege_gain": 0.09299996402662579,
        "role_score": 0.07100112496887294,
        "total_detection": 0.0656204955042299,
        "path_length": 0.06324728593125614,
        "max_detection": 0.05509091859488822,
        "avg_detection": 0.04662171031439147,
        "has_admin_access": 0.017133042414811762,
        "security_controls": 0.012699503883880152,
        "has_bastion": 0.007251972319032626,
        "is_admin_source": 0.003686277692734909,
        "has_mfa": 0.0031998919181828404
    },
    "feature_names": [
        "path_length",
        "total_detection",
        "avg_detection",
        "max_detection",
        "exploit_count",
        "security_controls",
        "privilege_gain",
        "role_score",
        "has_admin_access",
        "is_admin_source",
        "has_bastion",
        "has_mfa",
        "risk_factor"
    ]
}