{
    "accuracy": 0.8931924882629108,
    "f1": 0.9082661290322581,
    "recall": 0.8756073858114675,
    "precision": 0.9434554973821989,
    "optimal_threshold": 0.4612591402550747,
    "confusion_matrix": [
        [
            621,
            54
        ],
        [
            128,
            901
        ]
    ],
    "feature_importance": {
        "privilege_gain": 0.2392946520622776,
        "exploit_count": 0.20219997322603533,
        "risk_factor": 0.1967191759053416,
        "total_detection": 0.07403593628527812,
        "role_score": 0.06821387087132191,
        "max_detection": 0.0582156944588295,
        "avg_detection": 0.055005936498339084,
        "path_length": 0.04542671861210495,
        "has_mfa": 0.02181102401943232,
        "has_admin_access": 0.018107099763395407,
        "security_controls": 0.009829927615737139,
        "has_bastion": 0.007847080936696508,
        "is_admin_source": 0.0032929097452106025
    },
    "feature_names": [
        "path_length",
        "total_detection",
        "avg_detection",
        "max_detection",
        "exploit_count",
        "security_controls",
        "privilege_gain",
        "role_score",
        "has_admin_access",
        "is_admin_source",
        "has_bastion",
        "has_mfa",
        "risk_factor"
    ]
}