{
    "accuracy": 0.8967551622418879,
    "f1": 0.91417361451692,
    "recall": 0.8952929875120077,
    "precision": 0.9338677354709419,
    "optimal_threshold": 0.45393123068398966,
    "confusion_matrix": [
        [
            588,
            66
        ],
        [
            109,
            932
        ]
    ],
    "feature_importance": {
        "privilege_gain": 0.2339752765722986,
        "exploit_count": 0.23157399344475485,
        "risk_factor": 0.17695125687359564,
        "total_detection": 0.07253659767362736,
        "role_score": 0.06868067961436444,
        "max_detection": 0.05471415118405087,
        "avg_detection": 0.049388395830885515,
        "path_length": 0.04766783657692665,
        "has_admin_access": 0.02219798512025153,
        "has_mfa": 0.02134098433996672,
        "security_controls": 0.010660664341697563,
        "has_bastion": 0.007080491963208583,
        "is_admin_source": 0.003231686464371686
    },
    "feature_names": [
        "path_length",
        "total_detection",
        "avg_detection",
        "max_detection",
        "exploit_count",
        "security_controls",
        "privilege_gain",
        "role_score",
        "has_admin_access",
        "is_admin_source",
        "has_bastion",
        "has_mfa",
        "risk_factor"
    ]
}